Designator,Val,Package,Mid X,Mid Y,Rotation,Layer
"C1","C","C_0402_1005Metric",71.5000,-43.0000,90.0000,bottom
"C2","10uF","C_0402_1005Metric",66.5000,-40.5000,135.0000,bottom
"C3","68p","C_0402_1005Metric",70.5000,-43.0000,-90.0000,bottom
"C6","10uF","C_0402_1005Metric",67.7500,-42.0000,135.0000,bottom
"C7","100nF","C_0402_1005Metric",69.5000,-43.0000,90.0000,bottom
"D1","LED","LED_0402_1005Metric",72.5000,-47.0000,0.0000,top
"IC1","NT3H2111W0FHKH","QFN50P160X160X50-8N",73.5000,-43.2500,-90.0000,bottom
"R1","10k","R_0402_1005Metric",80.7500,-37.5000,180.0000,bottom
"R2","10k","R_0402_1005Metric",80.7500,-38.5000,180.0000,bottom
"R5","1k","R_0402_1005Metric",72.5000,-47.0000,180.0000,bottom
"SW1","SW_Push","SW_SPST_B3U-3000P",75.9000,-31.3000,180.0000,bottom
"SW2","SW_Push","SW_SPST_B3U-3000P",69.1000,-31.3000,180.0000,bottom
"TP3","TestPoint_2Pole","ANT",72.5000,-37.7500,180.0000,bottom
"U1","CH32V003FxUx","QFN-20-1EP_3x3mm_P0.4mm_EP1.65x1.65mm",80.0000,-34.0000,-135.0000,bottom
