"Value","Designator","Footprint","LCSC Part Number","Digikey Part Number","Comments"
"68p","C3","C_0402_1005Metric","C107010","",""
"100nF","C7","C_0402_1005Metric","C541406","",""
"10uF","C2,C6","C_0402_1005Metric","C15525","",""
"C","C1","C_0402_1005Metric","","",""
"LED","D1","LED_0402_1005Metric","C5336761","",""
"NT3H2111W0FHKH","IC1","QFN50P160X160X50-8N","C710403","",""
"1k","R5","R_0402_1005Metric","C114759","",""
"10k","R1,R2","R_0402_1005Metric","C60490","",""
"SW_Push","SW1,SW2","SW_SPST_B3U-3000P","C963349","",""
"CH32V003FxUx","U1","QFN-20-1EP_3x3mm_P0.4mm_EP1.65x1.65mm","C5299908","",""
